{"cameraMode":{"drawMode":0,"name":"Shaded","section":"Shading Mode"},"sceneLighting":true,"audioPlay":false,"sceneViewState":{"m_AlwaysRefresh":false,"showFog":true,"showSkybox":true,"showFlares":true,"showImageEffects":true,"showParticleSystems":true,"showVisualEffectGraphs":true,"m_FxEnabled":true},"in2DMode":false,"pivot":{"x":-0.5754281282424927,"y":4.783537864685059,"z":10.751811981201172},"rotation":{"x":0.012166020460426808,"y":-0.9703633785247803,"z":0.23643535375595094,"w":0.049928613007068637},"size":2.5774590969085695,"orthographic":false}